apps,bondmode,bytes,time,mbytes-sec
intel,802.3ad-2NICs-layer2+3,0,26.02,0.00
intel,802.3ad-2NICs-layer2+3,1,25.95,0.04
intel,802.3ad-2NICs-layer2+3,2,25.73,0.08
intel,802.3ad-2NICs-layer2+3,4,25.76,0.16
intel,802.3ad-2NICs-layer2+3,8,25.79,0.31
intel,802.3ad-2NICs-layer2+3,16,25.66,0.62
intel,802.3ad-2NICs-layer2+3,32,25.60,1.25
intel,802.3ad-2NICs-layer2+3,64,26.05,2.46
intel,802.3ad-2NICs-layer2+3,128,26.17,4.89
intel,802.3ad-2NICs-layer2+3,256,26.30,9.73
intel,802.3ad-2NICs-layer2+3,512,27.05,18.93
intel,802.3ad-2NICs-layer2+3,1024,27.96,36.62
intel,802.3ad-2NICs-layer2+3,2048,32.86,62.33
intel,802.3ad-2NICs-layer2+3,4096,38.44,106.56
intel,802.3ad-2NICs-layer2+3,8192,35.47,230.95
intel,802.3ad-2NICs-layer2+3,16384,50.31,325.69
intel,802.3ad-2NICs-layer2+3,32768,84.23,389.04
intel,802.3ad-2NICs-layer2+3,65536,119.34,549.15
intel,802.3ad-2NICs-layer2+3,131072,164.84,795.16
intel,802.3ad-2NICs-layer2+3,262144,257.46,1018.21
intel,802.3ad-2NICs-layer2+3,524288,431.82,1214.14
intel,802.3ad-2NICs-layer2+3,1048576,784.68,1336.31
intel,802.3ad-2NICs-layer2+3,2097152,1630.51,1286.19
intel,802.3ad-2NICs-layer2+3,4194304,3238.31,1295.21
intel,802.3ad-2NICs-layer2+3,0,25.00,0.00
intel,802.3ad-2NICs-layer2+3,1,18.74,0.05
intel,802.3ad-2NICs-layer2+3,2,18.86,0.11
intel,802.3ad-2NICs-layer2+3,4,18.68,0.21
intel,802.3ad-2NICs-layer2+3,8,18.66,0.43
intel,802.3ad-2NICs-layer2+3,16,18.81,0.85
intel,802.3ad-2NICs-layer2+3,32,18.69,1.71
intel,802.3ad-2NICs-layer2+3,64,18.81,3.40
intel,802.3ad-2NICs-layer2+3,128,19.07,6.71
intel,802.3ad-2NICs-layer2+3,256,19.00,13.47
intel,802.3ad-2NICs-layer2+3,512,19.51,26.24
intel,802.3ad-2NICs-layer2+3,1024,20.97,48.84
intel,802.3ad-2NICs-layer2+3,2048,22.99,89.10
intel,802.3ad-2NICs-layer2+3,4096,26.53,154.36
intel,802.3ad-2NICs-layer2+3,8192,35.70,229.49
intel,802.3ad-2NICs-layer2+3,16384,50.58,323.92
intel,802.3ad-2NICs-layer2+3,32768,84.42,388.16
intel,802.3ad-2NICs-layer2+3,65536,132.00,496.48
intel,802.3ad-2NICs-layer2+3,131072,162.91,804.56
intel,802.3ad-2NICs-layer2+3,262144,252.51,1038.16
intel,802.3ad-2NICs-layer2+3,524288,428.27,1224.21
intel,802.3ad-2NICs-layer2+3,1048576,781.14,1342.37
intel,802.3ad-2NICs-layer2+3,2097152,1625.92,1289.82
intel,802.3ad-2NICs-layer2+3,4194304,3191.85,1314.07
intel,802.3ad-2NICs-layer2+3,0,24.45,0.00
intel,802.3ad-2NICs-layer2+3,1,25.42,0.04
intel,802.3ad-2NICs-layer2+3,2,25.58,0.08
intel,802.3ad-2NICs-layer2+3,4,25.46,0.16
intel,802.3ad-2NICs-layer2+3,8,25.53,0.31
intel,802.3ad-2NICs-layer2+3,16,25.23,0.63
intel,802.3ad-2NICs-layer2+3,32,25.78,1.24
intel,802.3ad-2NICs-layer2+3,64,25.75,2.49
intel,802.3ad-2NICs-layer2+3,128,26.15,4.89
intel,802.3ad-2NICs-layer2+3,256,26.11,9.80
intel,802.3ad-2NICs-layer2+3,512,26.53,19.30
intel,802.3ad-2NICs-layer2+3,1024,27.89,36.72
intel,802.3ad-2NICs-layer2+3,2048,30.93,66.22
intel,802.3ad-2NICs-layer2+3,4096,38.54,106.28
intel,802.3ad-2NICs-layer2+3,8192,45.48,180.12
intel,802.3ad-2NICs-layer2+3,16384,66.94,244.76
intel,802.3ad-2NICs-layer2+3,32768,73.67,444.80
intel,802.3ad-2NICs-layer2+3,65536,109.65,597.68
intel,802.3ad-2NICs-layer2+3,131072,164.30,797.74
intel,802.3ad-2NICs-layer2+3,262144,254.88,1028.48
intel,802.3ad-2NICs-layer2+3,524288,431.01,1216.43
intel,802.3ad-2NICs-layer2+3,1048576,779.68,1344.88
intel,802.3ad-2NICs-layer2+3,2097152,1610.58,1302.11
intel,802.3ad-2NICs-layer2+3,4194304,3185.94,1316.51
intel,802.3ad-2NICs-layer2+3,0,24.69,0.00
intel,802.3ad-2NICs-layer2+3,1,25.49,0.04
intel,802.3ad-2NICs-layer2+3,2,25.75,0.08
intel,802.3ad-2NICs-layer2+3,4,25.66,0.16
intel,802.3ad-2NICs-layer2+3,8,25.44,0.31
intel,802.3ad-2NICs-layer2+3,16,25.46,0.63
intel,802.3ad-2NICs-layer2+3,32,25.75,1.24
intel,802.3ad-2NICs-layer2+3,64,25.74,2.49
intel,802.3ad-2NICs-layer2+3,128,26.44,4.84
intel,802.3ad-2NICs-layer2+3,256,26.07,9.82
intel,802.3ad-2NICs-layer2+3,512,26.74,19.15
intel,802.3ad-2NICs-layer2+3,1024,27.93,36.66
intel,802.3ad-2NICs-layer2+3,2048,30.82,66.45
intel,802.3ad-2NICs-layer2+3,4096,38.19,107.27
intel,802.3ad-2NICs-layer2+3,8192,47.74,171.61
intel,802.3ad-2NICs-layer2+3,16384,66.73,245.53
intel,802.3ad-2NICs-layer2+3,32768,75.66,433.12
intel,802.3ad-2NICs-layer2+3,65536,109.52,598.39
intel,802.3ad-2NICs-layer2+3,131072,165.65,791.27
intel,802.3ad-2NICs-layer2+3,262144,254.44,1030.27
intel,802.3ad-2NICs-layer2+3,524288,426.37,1229.66
intel,802.3ad-2NICs-layer2+3,1048576,782.02,1340.85
intel,802.3ad-2NICs-layer2+3,2097152,1630.37,1286.31
intel,802.3ad-2NICs-layer2+3,4194304,3177.37,1320.06
intel,802.3ad-2NICs-layer2+3,0,24.73,0.00
intel,802.3ad-2NICs-layer2+3,1,25.34,0.04
intel,802.3ad-2NICs-layer2+3,2,25.76,0.08
intel,802.3ad-2NICs-layer2+3,4,25.37,0.16
intel,802.3ad-2NICs-layer2+3,8,25.54,0.31
intel,802.3ad-2NICs-layer2+3,16,25.40,0.63
intel,802.3ad-2NICs-layer2+3,32,25.62,1.25
intel,802.3ad-2NICs-layer2+3,64,25.96,2.46
intel,802.3ad-2NICs-layer2+3,128,26.01,4.92
intel,802.3ad-2NICs-layer2+3,256,26.10,9.81
intel,802.3ad-2NICs-layer2+3,512,26.80,19.11
intel,802.3ad-2NICs-layer2+3,1024,27.98,36.60
intel,802.3ad-2NICs-layer2+3,2048,31.45,65.13
intel,802.3ad-2NICs-layer2+3,4096,39.03,104.96
intel,802.3ad-2NICs-layer2+3,8192,45.06,181.81
intel,802.3ad-2NICs-layer2+3,16384,67.31,243.42
intel,802.3ad-2NICs-layer2+3,32768,70.51,464.70
intel,802.3ad-2NICs-layer2+3,65536,120.55,543.66
intel,802.3ad-2NICs-layer2+3,131072,182.73,717.30
intel,802.3ad-2NICs-layer2+3,262144,268.46,976.46
intel,802.3ad-2NICs-layer2+3,524288,438.83,1194.73
intel,802.3ad-2NICs-layer2+3,1048576,780.63,1343.25
intel,802.3ad-2NICs-layer2+3,2097152,1593.12,1316.38
intel,802.3ad-2NICs-layer2+3,4194304,3201.84,1309.97
intel,802.3ad-2NICs-layer2+3,0,25.57,0.00
intel,802.3ad-2NICs-layer2+3,1,26.17,0.04
intel,802.3ad-2NICs-layer2+3,2,26.49,0.08
intel,802.3ad-2NICs-layer2+3,4,26.24,0.15
intel,802.3ad-2NICs-layer2+3,8,26.12,0.31
intel,802.3ad-2NICs-layer2+3,16,26.03,0.61
intel,802.3ad-2NICs-layer2+3,32,26.13,1.22
intel,802.3ad-2NICs-layer2+3,64,26.99,2.37
intel,802.3ad-2NICs-layer2+3,128,26.69,4.80
intel,802.3ad-2NICs-layer2+3,256,26.98,9.49
intel,802.3ad-2NICs-layer2+3,512,27.54,18.59
intel,802.3ad-2NICs-layer2+3,1024,28.73,35.64
intel,802.3ad-2NICs-layer2+3,2048,32.05,63.90
intel,802.3ad-2NICs-layer2+3,4096,39.91,102.62
intel,802.3ad-2NICs-layer2+3,8192,46.17,177.45
intel,802.3ad-2NICs-layer2+3,16384,67.13,244.06
intel,802.3ad-2NICs-layer2+3,32768,54.59,600.27
intel,802.3ad-2NICs-layer2+3,65536,112.06,584.84
intel,802.3ad-2NICs-layer2+3,131072,165.23,793.26
intel,802.3ad-2NICs-layer2+3,262144,256.29,1022.83
intel,802.3ad-2NICs-layer2+3,524288,432.41,1212.47
intel,802.3ad-2NICs-layer2+3,1048576,784.67,1336.33
intel,802.3ad-2NICs-layer2+3,2097152,1685.95,1243.90
intel,802.3ad-2NICs-layer2+3,4194304,3379.24,1241.20
intel,802.3ad-2NICs-layer2+3,0,26.49,0.00
intel,802.3ad-2NICs-layer2+3,1,25.71,0.04
intel,802.3ad-2NICs-layer2+3,2,25.87,0.08
intel,802.3ad-2NICs-layer2+3,4,25.72,0.16
intel,802.3ad-2NICs-layer2+3,8,25.89,0.31
intel,802.3ad-2NICs-layer2+3,16,25.61,0.62
intel,802.3ad-2NICs-layer2+3,32,26.16,1.22
intel,802.3ad-2NICs-layer2+3,64,26.06,2.46
intel,802.3ad-2NICs-layer2+3,128,26.08,4.91
intel,802.3ad-2NICs-layer2+3,256,26.66,9.60
intel,802.3ad-2NICs-layer2+3,512,27.04,18.94
intel,802.3ad-2NICs-layer2+3,1024,28.16,36.37
intel,802.3ad-2NICs-layer2+3,2048,31.14,65.76
intel,802.3ad-2NICs-layer2+3,4096,38.84,105.45
intel,802.3ad-2NICs-layer2+3,8192,44.57,183.82
intel,802.3ad-2NICs-layer2+3,16384,67.74,241.85
intel,802.3ad-2NICs-layer2+3,32768,74.81,438.01
intel,802.3ad-2NICs-layer2+3,65536,109.78,596.97
intel,802.3ad-2NICs-layer2+3,131072,162.77,805.24
intel,802.3ad-2NICs-layer2+3,262144,253.43,1034.39
intel,802.3ad-2NICs-layer2+3,524288,425.65,1231.73
intel,802.3ad-2NICs-layer2+3,1048576,777.20,1349.17
intel,802.3ad-2NICs-layer2+3,2097152,1614.89,1298.63
intel,802.3ad-2NICs-layer2+3,4194304,3192.67,1313.73
intel,802.3ad-2NICs-layer2+3,0,26.72,0.00
intel,802.3ad-2NICs-layer2+3,1,26.16,0.04
intel,802.3ad-2NICs-layer2+3,2,26.31,0.08
intel,802.3ad-2NICs-layer2+3,4,26.13,0.15
intel,802.3ad-2NICs-layer2+3,8,26.33,0.30
intel,802.3ad-2NICs-layer2+3,16,26.17,0.61
intel,802.3ad-2NICs-layer2+3,32,26.29,1.22
intel,802.3ad-2NICs-layer2+3,64,26.26,2.44
intel,802.3ad-2NICs-layer2+3,128,26.50,4.83
intel,802.3ad-2NICs-layer2+3,256,26.91,9.51
intel,802.3ad-2NICs-layer2+3,512,27.51,18.61
intel,802.3ad-2NICs-layer2+3,1024,28.66,35.72
intel,802.3ad-2NICs-layer2+3,2048,32.06,63.88
intel,802.3ad-2NICs-layer2+3,4096,39.27,104.31
intel,802.3ad-2NICs-layer2+3,8192,45.49,180.09
intel,802.3ad-2NICs-layer2+3,16384,67.68,242.10
intel,802.3ad-2NICs-layer2+3,32768,67.03,488.88
intel,802.3ad-2NICs-layer2+3,65536,115.63,566.77
intel,802.3ad-2NICs-layer2+3,131072,165.90,790.05
intel,802.3ad-2NICs-layer2+3,262144,258.37,1014.61
intel,802.3ad-2NICs-layer2+3,524288,436.01,1202.46
intel,802.3ad-2NICs-layer2+3,1048576,787.48,1331.57
intel,802.3ad-2NICs-layer2+3,2097152,1639.84,1278.88
intel,802.3ad-2NICs-layer2+3,4194304,3231.77,1297.83
intel,802.3ad-2NICs-layer2+3,0,25.55,0.00
intel,802.3ad-2NICs-layer2+3,1,26.56,0.04
intel,802.3ad-2NICs-layer2+3,2,26.28,0.08
intel,802.3ad-2NICs-layer2+3,4,26.70,0.15
intel,802.3ad-2NICs-layer2+3,8,26.51,0.30
intel,802.3ad-2NICs-layer2+3,16,26.26,0.61
intel,802.3ad-2NICs-layer2+3,32,26.49,1.21
intel,802.3ad-2NICs-layer2+3,64,26.47,2.42
intel,802.3ad-2NICs-layer2+3,128,26.98,4.74
intel,802.3ad-2NICs-layer2+3,256,27.10,9.45
intel,802.3ad-2NICs-layer2+3,512,27.70,18.49
intel,802.3ad-2NICs-layer2+3,1024,28.62,35.78
intel,802.3ad-2NICs-layer2+3,2048,32.14,63.73
intel,802.3ad-2NICs-layer2+3,4096,39.51,103.66
intel,802.3ad-2NICs-layer2+3,8192,45.51,179.99
intel,802.3ad-2NICs-layer2+3,16384,67.16,243.97
intel,802.3ad-2NICs-layer2+3,32768,113.00,289.98
intel,802.3ad-2NICs-layer2+3,65536,112.03,584.96
intel,802.3ad-2NICs-layer2+3,131072,164.39,797.32
intel,802.3ad-2NICs-layer2+3,262144,256.37,1022.53
intel,802.3ad-2NICs-layer2+3,524288,431.02,1216.39
intel,802.3ad-2NICs-layer2+3,1048576,789.42,1328.29
intel,802.3ad-2NICs-layer2+3,2097152,1620.79,1293.90
intel,802.3ad-2NICs-layer2+3,4194304,3231.97,1297.75
intel,802.3ad-2NICs-layer2+3,0,26.71,0.00
intel,802.3ad-2NICs-layer2+3,1,26.36,0.04
intel,802.3ad-2NICs-layer2+3,2,26.44,0.08
intel,802.3ad-2NICs-layer2+3,4,26.12,0.15
intel,802.3ad-2NICs-layer2+3,8,26.16,0.31
intel,802.3ad-2NICs-layer2+3,16,26.09,0.61
intel,802.3ad-2NICs-layer2+3,32,26.45,1.21
intel,802.3ad-2NICs-layer2+3,64,26.41,2.42
intel,802.3ad-2NICs-layer2+3,128,26.53,4.83
intel,802.3ad-2NICs-layer2+3,256,26.89,9.52
intel,802.3ad-2NICs-layer2+3,512,27.73,18.46
intel,802.3ad-2NICs-layer2+3,1024,28.86,35.48
intel,802.3ad-2NICs-layer2+3,2048,31.82,64.36
intel,802.3ad-2NICs-layer2+3,4096,39.51,103.67
intel,802.3ad-2NICs-layer2+3,8192,45.57,179.78
intel,802.3ad-2NICs-layer2+3,16384,68.97,237.55
intel,802.3ad-2NICs-layer2+3,32768,74.35,440.71
intel,802.3ad-2NICs-layer2+3,65536,112.47,582.69
intel,802.3ad-2NICs-layer2+3,131072,163.44,801.97
intel,802.3ad-2NICs-layer2+3,262144,255.78,1024.89
intel,802.3ad-2NICs-layer2+3,524288,432.65,1211.81
intel,802.3ad-2NICs-layer2+3,1048576,780.04,1344.25
intel,802.3ad-2NICs-layer2+3,2097152,1620.15,1294.42
intel,802.3ad-2NICs-layer2+3,4194304,3209.17,1306.97
intel,802.3ad-2NICs-layer2+3,0,26.58,0.00
intel,802.3ad-2NICs-layer2+3,1,25.93,0.04
intel,802.3ad-2NICs-layer2+3,2,25.85,0.08
intel,802.3ad-2NICs-layer2+3,4,27.95,0.14
intel,802.3ad-2NICs-layer2+3,8,25.94,0.31
intel,802.3ad-2NICs-layer2+3,16,25.87,0.62
intel,802.3ad-2NICs-layer2+3,32,26.07,1.23
intel,802.3ad-2NICs-layer2+3,64,26.36,2.43
intel,802.3ad-2NICs-layer2+3,128,26.34,4.86
intel,802.3ad-2NICs-layer2+3,256,26.68,9.60
intel,802.3ad-2NICs-layer2+3,512,27.26,18.78
intel,802.3ad-2NICs-layer2+3,1024,28.32,36.16
intel,802.3ad-2NICs-layer2+3,2048,31.62,64.76
intel,802.3ad-2NICs-layer2+3,4096,39.31,104.21
intel,802.3ad-2NICs-layer2+3,8192,45.66,179.41
intel,802.3ad-2NICs-layer2+3,16384,67.28,243.52
intel,802.3ad-2NICs-layer2+3,32768,52.30,626.56
intel,802.3ad-2NICs-layer2+3,65536,109.81,596.79
intel,802.3ad-2NICs-layer2+3,131072,163.94,799.50
intel,802.3ad-2NICs-layer2+3,262144,256.99,1020.06
intel,802.3ad-2NICs-layer2+3,524288,433.13,1210.47
intel,802.3ad-2NICs-layer2+3,1048576,781.55,1341.65
intel,802.3ad-2NICs-layer2+3,2097152,1626.12,1289.67
intel,802.3ad-2NICs-layer2+3,4194304,3215.96,1304.22
intel,802.3ad-2NICs-layer2+3,0,24.80,0.00
intel,802.3ad-2NICs-layer2+3,1,25.34,0.04
intel,802.3ad-2NICs-layer2+3,2,25.31,0.08
intel,802.3ad-2NICs-layer2+3,4,25.34,0.16
intel,802.3ad-2NICs-layer2+3,8,25.43,0.31
intel,802.3ad-2NICs-layer2+3,16,25.19,0.64
intel,802.3ad-2NICs-layer2+3,32,25.51,1.25
intel,802.3ad-2NICs-layer2+3,64,25.67,2.49
intel,802.3ad-2NICs-layer2+3,128,26.31,4.86
intel,802.3ad-2NICs-layer2+3,256,26.01,9.84
intel,802.3ad-2NICs-layer2+3,512,26.36,19.42
intel,802.3ad-2NICs-layer2+3,1024,27.64,37.05
intel,802.3ad-2NICs-layer2+3,2048,31.17,65.71
intel,802.3ad-2NICs-layer2+3,4096,38.61,106.10
intel,802.3ad-2NICs-layer2+3,8192,44.98,182.13
intel,802.3ad-2NICs-layer2+3,16384,66.95,244.71
intel,802.3ad-2NICs-layer2+3,32768,112.07,292.38
intel,802.3ad-2NICs-layer2+3,65536,111.18,589.47
intel,802.3ad-2NICs-layer2+3,131072,163.46,801.87
intel,802.3ad-2NICs-layer2+3,262144,286.12,916.19
intel,802.3ad-2NICs-layer2+3,524288,443.26,1182.80
intel,802.3ad-2NICs-layer2+3,1048576,795.35,1318.39
intel,802.3ad-2NICs-layer2+3,2097152,1622.12,1292.85
intel,802.3ad-2NICs-layer2+3,4194304,3210.00,1306.64
intel,802.3ad-2NICs-layer2+3,0,25.49,0.00
intel,802.3ad-2NICs-layer2+3,1,26.18,0.04
intel,802.3ad-2NICs-layer2+3,2,25.96,0.08
intel,802.3ad-2NICs-layer2+3,4,25.98,0.15
intel,802.3ad-2NICs-layer2+3,8,26.05,0.31
intel,802.3ad-2NICs-layer2+3,16,26.13,0.61
intel,802.3ad-2NICs-layer2+3,32,26.29,1.22
intel,802.3ad-2NICs-layer2+3,64,26.30,2.43
intel,802.3ad-2NICs-layer2+3,128,26.27,4.87
intel,802.3ad-2NICs-layer2+3,256,26.57,9.64
intel,802.3ad-2NICs-layer2+3,512,27.34,18.73
intel,802.3ad-2NICs-layer2+3,1024,28.14,36.38
intel,802.3ad-2NICs-layer2+3,2048,31.64,64.73
intel,802.3ad-2NICs-layer2+3,4096,38.96,105.14
intel,802.3ad-2NICs-layer2+3,8192,45.31,180.81
intel,802.3ad-2NICs-layer2+3,16384,66.87,245.01
intel,802.3ad-2NICs-layer2+3,32768,88.04,372.20
intel,802.3ad-2NICs-layer2+3,65536,113.78,576.01
intel,802.3ad-2NICs-layer2+3,131072,164.72,795.73
intel,802.3ad-2NICs-layer2+3,262144,258.62,1013.63
intel,802.3ad-2NICs-layer2+3,524288,437.67,1197.91
intel,802.3ad-2NICs-layer2+3,1048576,790.09,1327.16
intel,802.3ad-2NICs-layer2+3,2097152,1624.16,1291.22
intel,802.3ad-2NICs-layer2+3,4194304,3239.41,1294.77
intel,802.3ad-2NICs-layer2+3,0,24.46,0.00
intel,802.3ad-2NICs-layer2+3,1,25.16,0.04
intel,802.3ad-2NICs-layer2+3,2,25.25,0.08
intel,802.3ad-2NICs-layer2+3,4,25.36,0.16
intel,802.3ad-2NICs-layer2+3,8,25.04,0.32
intel,802.3ad-2NICs-layer2+3,16,24.94,0.64
intel,802.3ad-2NICs-layer2+3,32,25.39,1.26
intel,802.3ad-2NICs-layer2+3,64,25.84,2.48
intel,802.3ad-2NICs-layer2+3,128,25.93,4.94
intel,802.3ad-2NICs-layer2+3,256,25.74,9.95
intel,802.3ad-2NICs-layer2+3,512,26.26,19.50
intel,802.3ad-2NICs-layer2+3,1024,27.43,37.34
intel,802.3ad-2NICs-layer2+3,2048,30.81,66.47
intel,802.3ad-2NICs-layer2+3,4096,38.40,106.65
intel,802.3ad-2NICs-layer2+3,8192,44.92,182.35
intel,802.3ad-2NICs-layer2+3,16384,66.94,244.74
intel,802.3ad-2NICs-layer2+3,32768,58.74,557.83
intel,802.3ad-2NICs-layer2+3,65536,111.97,585.31
intel,802.3ad-2NICs-layer2+3,131072,164.15,798.47
intel,802.3ad-2NICs-layer2+3,262144,258.57,1013.84
intel,802.3ad-2NICs-layer2+3,524288,435.36,1204.27
intel,802.3ad-2NICs-layer2+3,1048576,789.77,1327.71
intel,802.3ad-2NICs-layer2+3,2097152,1704.19,1230.58
intel,802.3ad-2NICs-layer2+3,4194304,3431.33,1222.36
intel,802.3ad-2NICs-layer2+3,0,24.46,0.00
intel,802.3ad-2NICs-layer2+3,1,25.51,0.04
intel,802.3ad-2NICs-layer2+3,2,25.29,0.08
intel,802.3ad-2NICs-layer2+3,4,25.50,0.16
intel,802.3ad-2NICs-layer2+3,8,25.20,0.32
intel,802.3ad-2NICs-layer2+3,16,18.87,0.85
intel,802.3ad-2NICs-layer2+3,32,19.11,1.67
intel,802.3ad-2NICs-layer2+3,64,19.06,3.36
intel,802.3ad-2NICs-layer2+3,128,19.28,6.64
intel,802.3ad-2NICs-layer2+3,256,19.75,12.96
intel,802.3ad-2NICs-layer2+3,512,19.73,25.96
intel,802.3ad-2NICs-layer2+3,1024,20.40,50.20
intel,802.3ad-2NICs-layer2+3,2048,30.76,66.57
intel,802.3ad-2NICs-layer2+3,4096,38.65,105.98
intel,802.3ad-2NICs-layer2+3,8192,44.85,182.64
intel,802.3ad-2NICs-layer2+3,16384,66.89,244.95
intel,802.3ad-2NICs-layer2+3,32768,52.26,627.00
intel,802.3ad-2NICs-layer2+3,65536,109.91,596.24
intel,802.3ad-2NICs-layer2+3,131072,161.76,810.28
intel,802.3ad-2NICs-layer2+3,262144,254.28,1030.91
intel,802.3ad-2NICs-layer2+3,524288,438.16,1196.57
intel,802.3ad-2NICs-layer2+3,1048576,778.77,1346.45
intel,802.3ad-2NICs-layer2+3,2097152,1686.89,1243.21
intel,802.3ad-2NICs-layer2+3,4194304,3406.43,1231.29
intel,802.3ad-2NICs-layer2+3,0,26.17,0.00
intel,802.3ad-2NICs-layer2+3,1,25.27,0.04
intel,802.3ad-2NICs-layer2+3,2,25.35,0.08
intel,802.3ad-2NICs-layer2+3,4,25.37,0.16
intel,802.3ad-2NICs-layer2+3,8,25.34,0.32
intel,802.3ad-2NICs-layer2+3,16,25.29,0.63
intel,802.3ad-2NICs-layer2+3,32,25.46,1.26
intel,802.3ad-2NICs-layer2+3,64,25.83,2.48
intel,802.3ad-2NICs-layer2+3,128,25.90,4.94
intel,802.3ad-2NICs-layer2+3,256,25.98,9.85
intel,802.3ad-2NICs-layer2+3,512,26.61,19.24
intel,802.3ad-2NICs-layer2+3,1024,28.25,36.24
intel,802.3ad-2NICs-layer2+3,2048,31.45,65.13
intel,802.3ad-2NICs-layer2+3,4096,38.21,107.21
intel,802.3ad-2NICs-layer2+3,8192,44.46,184.27
intel,802.3ad-2NICs-layer2+3,16384,66.77,245.39
intel,802.3ad-2NICs-layer2+3,32768,68.53,478.17
intel,802.3ad-2NICs-layer2+3,65536,110.81,591.44
intel,802.3ad-2NICs-layer2+3,131072,164.40,797.29
intel,802.3ad-2NICs-layer2+3,262144,258.41,1014.47
intel,802.3ad-2NICs-layer2+3,524288,432.43,1212.42
intel,802.3ad-2NICs-layer2+3,1048576,791.12,1325.44
intel,802.3ad-2NICs-layer2+3,2097152,1704.28,1230.52
intel,802.3ad-2NICs-layer2+3,4194304,3424.61,1224.75
intel,802.3ad-2NICs-layer2+3,0,26.05,0.00
intel,802.3ad-2NICs-layer2+3,1,26.59,0.04
intel,802.3ad-2NICs-layer2+3,2,26.17,0.08
intel,802.3ad-2NICs-layer2+3,4,26.08,0.15
intel,802.3ad-2NICs-layer2+3,8,26.15,0.31
intel,802.3ad-2NICs-layer2+3,16,26.18,0.61
intel,802.3ad-2NICs-layer2+3,32,26.63,1.20
intel,802.3ad-2NICs-layer2+3,64,27.04,2.37
intel,802.3ad-2NICs-layer2+3,128,26.78,4.78
intel,802.3ad-2NICs-layer2+3,256,27.13,9.44
intel,802.3ad-2NICs-layer2+3,512,27.76,18.44
intel,802.3ad-2NICs-layer2+3,1024,28.72,35.66
intel,802.3ad-2NICs-layer2+3,2048,31.86,64.28
intel,802.3ad-2NICs-layer2+3,4096,39.79,102.95
intel,802.3ad-2NICs-layer2+3,8192,45.59,179.68
intel,802.3ad-2NICs-layer2+3,16384,67.24,243.68
intel,802.3ad-2NICs-layer2+3,32768,83.42,392.79
intel,802.3ad-2NICs-layer2+3,65536,110.67,592.15
intel,802.3ad-2NICs-layer2+3,131072,162.10,808.56
intel,802.3ad-2NICs-layer2+3,262144,254.74,1029.07
intel,802.3ad-2NICs-layer2+3,524288,431.89,1213.95
intel,802.3ad-2NICs-layer2+3,1048576,779.52,1345.15
intel,802.3ad-2NICs-layer2+3,2097152,1599.73,1310.94
intel,802.3ad-2NICs-layer2+3,4194304,3192.08,1313.97
intel,802.3ad-2NICs-layer2+3,0,24.97,0.00
intel,802.3ad-2NICs-layer2+3,1,25.94,0.04
intel,802.3ad-2NICs-layer2+3,2,25.98,0.08
intel,802.3ad-2NICs-layer2+3,4,25.71,0.16
intel,802.3ad-2NICs-layer2+3,8,25.72,0.31
intel,802.3ad-2NICs-layer2+3,16,25.82,0.62
intel,802.3ad-2NICs-layer2+3,32,25.84,1.24
intel,802.3ad-2NICs-layer2+3,64,26.00,2.46
intel,802.3ad-2NICs-layer2+3,128,26.52,4.83
intel,802.3ad-2NICs-layer2+3,256,26.55,9.64
intel,802.3ad-2NICs-layer2+3,512,27.29,18.76
intel,802.3ad-2NICs-layer2+3,1024,28.08,36.47
intel,802.3ad-2NICs-layer2+3,2048,23.58,86.87
intel,802.3ad-2NICs-layer2+3,4096,27.18,150.67
intel,802.3ad-2NICs-layer2+3,8192,36.02,227.42
intel,802.3ad-2NICs-layer2+3,16384,51.01,321.22
intel,802.3ad-2NICs-layer2+3,32768,74.14,441.96
intel,802.3ad-2NICs-layer2+3,65536,110.01,595.71
intel,802.3ad-2NICs-layer2+3,131072,164.21,798.18
intel,802.3ad-2NICs-layer2+3,262144,255.68,1025.29
intel,802.3ad-2NICs-layer2+3,524288,430.64,1217.45
intel,802.3ad-2NICs-layer2+3,1048576,784.38,1336.83
intel,802.3ad-2NICs-layer2+3,2097152,1637.18,1280.95
intel,802.3ad-2NICs-layer2+3,4194304,3218.99,1302.99
intel,802.3ad-2NICs-layer2+3,0,26.54,0.00
intel,802.3ad-2NICs-layer2+3,1,25.89,0.04
intel,802.3ad-2NICs-layer2+3,2,26.09,0.08
intel,802.3ad-2NICs-layer2+3,4,25.77,0.16
intel,802.3ad-2NICs-layer2+3,8,25.79,0.31
intel,802.3ad-2NICs-layer2+3,16,25.61,0.62
intel,802.3ad-2NICs-layer2+3,32,26.18,1.22
intel,802.3ad-2NICs-layer2+3,64,26.07,2.46
intel,802.3ad-2NICs-layer2+3,128,26.22,4.88
intel,802.3ad-2NICs-layer2+3,256,26.50,9.66
intel,802.3ad-2NICs-layer2+3,512,27.24,18.79
intel,802.3ad-2NICs-layer2+3,1024,28.48,35.96
intel,802.3ad-2NICs-layer2+3,2048,31.82,64.37
intel,802.3ad-2NICs-layer2+3,4096,38.90,105.30
intel,802.3ad-2NICs-layer2+3,8192,45.60,179.65
intel,802.3ad-2NICs-layer2+3,16384,68.64,238.70
intel,802.3ad-2NICs-layer2+3,32768,71.79,456.47
intel,802.3ad-2NICs-layer2+3,65536,111.27,588.99
intel,802.3ad-2NICs-layer2+3,131072,165.05,794.14
intel,802.3ad-2NICs-layer2+3,262144,256.25,1023.01
intel,802.3ad-2NICs-layer2+3,524288,435.62,1203.55
intel,802.3ad-2NICs-layer2+3,1048576,790.03,1327.27
intel,802.3ad-2NICs-layer2+3,2097152,1621.51,1293.33
intel,802.3ad-2NICs-layer2+3,4194304,3195.23,1312.68
intel,802.3ad-2NICs-layer2+3,0,24.49,0.00
intel,802.3ad-2NICs-layer2+3,1,25.16,0.04
intel,802.3ad-2NICs-layer2+3,2,25.26,0.08
intel,802.3ad-2NICs-layer2+3,4,25.32,0.16
intel,802.3ad-2NICs-layer2+3,8,25.17,0.32
intel,802.3ad-2NICs-layer2+3,16,25.22,0.63
intel,802.3ad-2NICs-layer2+3,32,25.50,1.26
intel,802.3ad-2NICs-layer2+3,64,25.60,2.50
intel,802.3ad-2NICs-layer2+3,128,26.09,4.91
intel,802.3ad-2NICs-layer2+3,256,26.05,9.83
intel,802.3ad-2NICs-layer2+3,512,26.82,19.09
intel,802.3ad-2NICs-layer2+3,1024,27.97,36.61
intel,802.3ad-2NICs-layer2+3,2048,30.96,66.15
intel,802.3ad-2NICs-layer2+3,4096,38.39,106.69
intel,802.3ad-2NICs-layer2+3,8192,44.41,184.48
intel,802.3ad-2NICs-layer2+3,16384,67.32,243.38
intel,802.3ad-2NICs-layer2+3,32768,72.69,450.76
intel,802.3ad-2NICs-layer2+3,65536,109.70,597.41
intel,802.3ad-2NICs-layer2+3,131072,162.71,805.55
intel,802.3ad-2NICs-layer2+3,262144,253.73,1033.18
intel,802.3ad-2NICs-layer2+3,524288,429.65,1220.27
intel,802.3ad-2NICs-layer2+3,1048576,777.86,1348.03
intel,802.3ad-2NICs-layer2+3,2097152,1617.85,1296.26
intel,802.3ad-2NICs-layer2+3,4194304,3243.87,1292.99
intel,802.3ad-2NICs-layer2+3,0,24.79,0.00
intel,802.3ad-2NICs-layer2+3,1,25.63,0.04
intel,802.3ad-2NICs-layer2+3,2,26.88,0.07
intel,802.3ad-2NICs-layer2+3,4,25.74,0.16
intel,802.3ad-2NICs-layer2+3,8,25.54,0.31
intel,802.3ad-2NICs-layer2+3,16,25.36,0.63
intel,802.3ad-2NICs-layer2+3,32,25.68,1.25
intel,802.3ad-2NICs-layer2+3,64,25.93,2.47
intel,802.3ad-2NICs-layer2+3,128,26.77,4.78
intel,802.3ad-2NICs-layer2+3,256,26.22,9.76
intel,802.3ad-2NICs-layer2+3,512,26.77,19.13
intel,802.3ad-2NICs-layer2+3,1024,27.98,36.60
intel,802.3ad-2NICs-layer2+3,2048,31.48,65.05
intel,802.3ad-2NICs-layer2+3,4096,39.09,104.78
intel,802.3ad-2NICs-layer2+3,8192,45.22,181.14
intel,802.3ad-2NICs-layer2+3,16384,67.21,243.77
intel,802.3ad-2NICs-layer2+3,32768,52.91,619.37
intel,802.3ad-2NICs-layer2+3,65536,111.09,589.96
intel,802.3ad-2NICs-layer2+3,131072,172.11,761.56
intel,802.3ad-2NICs-layer2+3,262144,283.65,924.19
intel,802.3ad-2NICs-layer2+3,524288,439.41,1193.16
intel,802.3ad-2NICs-layer2+3,1048576,791.02,1325.60
intel,802.3ad-2NICs-layer2+3,2097152,1729.99,1212.23
intel,802.3ad-2NICs-layer2+3,4194304,3436.58,1220.49
intel,802.3ad-2NICs-layer2+3,0,24.96,0.00
intel,802.3ad-2NICs-layer2+3,1,25.50,0.04
intel,802.3ad-2NICs-layer2+3,2,25.58,0.08
intel,802.3ad-2NICs-layer2+3,4,25.55,0.16
intel,802.3ad-2NICs-layer2+3,8,25.67,0.31
intel,802.3ad-2NICs-layer2+3,16,25.75,0.62
intel,802.3ad-2NICs-layer2+3,32,25.59,1.25
intel,802.3ad-2NICs-layer2+3,64,25.73,2.49
intel,802.3ad-2NICs-layer2+3,128,26.49,4.83
intel,802.3ad-2NICs-layer2+3,256,26.38,9.71
intel,802.3ad-2NICs-layer2+3,512,27.02,18.95
intel,802.3ad-2NICs-layer2+3,1024,27.97,36.62
intel,802.3ad-2NICs-layer2+3,2048,31.27,65.49
intel,802.3ad-2NICs-layer2+3,4096,38.96,105.13
intel,802.3ad-2NICs-layer2+3,8192,45.04,181.86
intel,802.3ad-2NICs-layer2+3,16384,61.05,268.38
intel,802.3ad-2NICs-layer2+3,32768,51.88,631.60
intel,802.3ad-2NICs-layer2+3,65536,109.42,598.94
intel,802.3ad-2NICs-layer2+3,131072,161.56,811.28
intel,802.3ad-2NICs-layer2+3,262144,254.64,1029.46
intel,802.3ad-2NICs-layer2+3,524288,432.99,1210.86
intel,802.3ad-2NICs-layer2+3,1048576,779.13,1345.83
intel,802.3ad-2NICs-layer2+3,2097152,1605.04,1306.60
intel,802.3ad-2NICs-layer2+3,4194304,3188.30,1315.53
intel,802.3ad-2NICs-layer2+3,0,24.54,0.00
intel,802.3ad-2NICs-layer2+3,1,25.39,0.04
intel,802.3ad-2NICs-layer2+3,2,25.30,0.08
intel,802.3ad-2NICs-layer2+3,4,25.33,0.16
intel,802.3ad-2NICs-layer2+3,8,25.32,0.32
intel,802.3ad-2NICs-layer2+3,16,25.45,0.63
intel,802.3ad-2NICs-layer2+3,32,25.47,1.26
intel,802.3ad-2NICs-layer2+3,64,25.70,2.49
intel,802.3ad-2NICs-layer2+3,128,25.85,4.95
intel,802.3ad-2NICs-layer2+3,256,25.99,9.85
intel,802.3ad-2NICs-layer2+3,512,26.52,19.31
intel,802.3ad-2NICs-layer2+3,1024,27.50,37.24
intel,802.3ad-2NICs-layer2+3,2048,30.77,66.55
intel,802.3ad-2NICs-layer2+3,4096,38.55,106.26
intel,802.3ad-2NICs-layer2+3,8192,44.69,183.30
intel,802.3ad-2NICs-layer2+3,16384,61.45,266.61
intel,802.3ad-2NICs-layer2+3,32768,52.60,622.99
intel,802.3ad-2NICs-layer2+3,65536,110.01,595.74
intel,802.3ad-2NICs-layer2+3,131072,162.21,808.05
intel,802.3ad-2NICs-layer2+3,262144,258.63,1013.60
intel,802.3ad-2NICs-layer2+3,524288,431.55,1214.90
intel,802.3ad-2NICs-layer2+3,1048576,782.27,1340.43
intel,802.3ad-2NICs-layer2+3,2097152,1622.17,1292.81
intel,802.3ad-2NICs-layer2+3,4194304,3248.40,1291.19
intel,802.3ad-2NICs-layer2+3,0,25.16,0.00
intel,802.3ad-2NICs-layer2+3,1,25.90,0.04
intel,802.3ad-2NICs-layer2+3,2,26.33,0.08
intel,802.3ad-2NICs-layer2+3,4,26.23,0.15
intel,802.3ad-2NICs-layer2+3,8,26.07,0.31
intel,802.3ad-2NICs-layer2+3,16,26.02,0.61
intel,802.3ad-2NICs-layer2+3,32,26.21,1.22
intel,802.3ad-2NICs-layer2+3,64,26.56,2.41
intel,802.3ad-2NICs-layer2+3,128,26.42,4.85
intel,802.3ad-2NICs-layer2+3,256,26.78,9.56
intel,802.3ad-2NICs-layer2+3,512,27.33,18.73
intel,802.3ad-2NICs-layer2+3,1024,28.33,36.14
intel,802.3ad-2NICs-layer2+3,2048,31.95,64.10
intel,802.3ad-2NICs-layer2+3,4096,39.14,104.64
intel,802.3ad-2NICs-layer2+3,8192,45.44,180.27
intel,802.3ad-2NICs-layer2+3,16384,66.33,247.01
intel,802.3ad-2NICs-layer2+3,32768,64.08,511.39
intel,802.3ad-2NICs-layer2+3,65536,109.69,597.46
intel,802.3ad-2NICs-layer2+3,131072,161.66,810.79
intel,802.3ad-2NICs-layer2+3,262144,254.33,1030.71
intel,802.3ad-2NICs-layer2+3,524288,429.95,1219.42
intel,802.3ad-2NICs-layer2+3,1048576,776.25,1350.83
intel,802.3ad-2NICs-layer2+3,2097152,1605.91,1305.90
intel,802.3ad-2NICs-layer2+3,4194304,3174.92,1321.07
intel,802.3ad-2NICs-layer2+3,0,27.26,0.00
intel,802.3ad-2NICs-layer2+3,1,26.32,0.04
intel,802.3ad-2NICs-layer2+3,2,26.17,0.08
intel,802.3ad-2NICs-layer2+3,4,26.24,0.15
intel,802.3ad-2NICs-layer2+3,8,26.15,0.31
intel,802.3ad-2NICs-layer2+3,16,26.30,0.61
intel,802.3ad-2NICs-layer2+3,32,26.34,1.22
intel,802.3ad-2NICs-layer2+3,64,26.55,2.41
intel,802.3ad-2NICs-layer2+3,128,27.74,4.61
intel,802.3ad-2NICs-layer2+3,256,27.12,9.44
intel,802.3ad-2NICs-layer2+3,512,27.66,18.51
intel,802.3ad-2NICs-layer2+3,1024,28.58,35.83
intel,802.3ad-2NICs-layer2+3,2048,31.86,64.28
intel,802.3ad-2NICs-layer2+3,4096,39.66,103.28
intel,802.3ad-2NICs-layer2+3,8192,46.19,177.34
intel,802.3ad-2NICs-layer2+3,16384,68.87,237.90
intel,802.3ad-2NICs-layer2+3,32768,85.57,382.95
intel,802.3ad-2NICs-layer2+3,65536,110.66,592.23
intel,802.3ad-2NICs-layer2+3,131072,164.69,795.88
intel,802.3ad-2NICs-layer2+3,262144,256.60,1021.59
intel,802.3ad-2NICs-layer2+3,524288,434.84,1205.71
intel,802.3ad-2NICs-layer2+3,1048576,785.73,1334.53
intel,802.3ad-2NICs-layer2+3,2097152,1621.11,1293.65
intel,802.3ad-2NICs-layer2+3,4194304,3250.19,1290.48
intel,802.3ad-2NICs-layer2+3,0,24.86,0.00
intel,802.3ad-2NICs-layer2+3,1,25.32,0.04
intel,802.3ad-2NICs-layer2+3,2,25.38,0.08
intel,802.3ad-2NICs-layer2+3,4,25.42,0.16
intel,802.3ad-2NICs-layer2+3,8,25.38,0.32
intel,802.3ad-2NICs-layer2+3,16,25.26,0.63
intel,802.3ad-2NICs-layer2+3,32,25.45,1.26
intel,802.3ad-2NICs-layer2+3,64,25.66,2.49
intel,802.3ad-2NICs-layer2+3,128,26.51,4.83
intel,802.3ad-2NICs-layer2+3,256,26.17,9.78
intel,802.3ad-2NICs-layer2+3,512,26.74,19.15
intel,802.3ad-2NICs-layer2+3,1024,27.73,36.93
intel,802.3ad-2NICs-layer2+3,2048,30.95,66.17
intel,802.3ad-2NICs-layer2+3,4096,38.88,105.36
intel,802.3ad-2NICs-layer2+3,8192,44.23,185.20
intel,802.3ad-2NICs-layer2+3,16384,66.87,245.00
intel,802.3ad-2NICs-layer2+3,32768,110.70,296.00
intel,802.3ad-2NICs-layer2+3,65536,174.62,375.30
intel,802.3ad-2NICs-layer2+3,131072,164.17,798.39
intel,802.3ad-2NICs-layer2+3,262144,253.76,1033.02
intel,802.3ad-2NICs-layer2+3,524288,437.14,1199.35
intel,802.3ad-2NICs-layer2+3,1048576,782.23,1340.50
intel,802.3ad-2NICs-layer2+3,2097152,1621.99,1292.95
intel,802.3ad-2NICs-layer2+3,4194304,3215.94,1304.22
intel,802.3ad-2NICs-layer2+3,0,24.64,0.00
intel,802.3ad-2NICs-layer2+3,1,25.53,0.04
intel,802.3ad-2NICs-layer2+3,2,25.36,0.08
intel,802.3ad-2NICs-layer2+3,4,25.62,0.16
intel,802.3ad-2NICs-layer2+3,8,25.51,0.31
intel,802.3ad-2NICs-layer2+3,16,25.39,0.63
intel,802.3ad-2NICs-layer2+3,32,25.58,1.25
intel,802.3ad-2NICs-layer2+3,64,26.02,2.46
intel,802.3ad-2NICs-layer2+3,128,26.31,4.87
intel,802.3ad-2NICs-layer2+3,256,26.14,9.79
intel,802.3ad-2NICs-layer2+3,512,26.73,19.15
intel,802.3ad-2NICs-layer2+3,1024,27.93,36.66
intel,802.3ad-2NICs-layer2+3,2048,31.30,65.44
intel,802.3ad-2NICs-layer2+3,4096,39.02,104.97
intel,802.3ad-2NICs-layer2+3,8192,45.15,181.44
intel,802.3ad-2NICs-layer2+3,16384,66.08,247.94
intel,802.3ad-2NICs-layer2+3,32768,57.46,570.26
intel,802.3ad-2NICs-layer2+3,65536,109.89,596.35
intel,802.3ad-2NICs-layer2+3,131072,161.86,809.79
intel,802.3ad-2NICs-layer2+3,262144,254.86,1028.60
intel,802.3ad-2NICs-layer2+3,524288,428.30,1224.11
intel,802.3ad-2NICs-layer2+3,1048576,777.34,1348.93
intel,802.3ad-2NICs-layer2+3,2097152,1610.84,1301.90
intel,802.3ad-2NICs-layer2+3,4194304,3228.31,1299.23
intel,802.3ad-2NICs-layer2+3,0,24.50,0.00
intel,802.3ad-2NICs-layer2+3,1,25.43,0.04
intel,802.3ad-2NICs-layer2+3,2,25.23,0.08
intel,802.3ad-2NICs-layer2+3,4,25.16,0.16
intel,802.3ad-2NICs-layer2+3,8,25.14,0.32
intel,802.3ad-2NICs-layer2+3,16,25.02,0.64
intel,802.3ad-2NICs-layer2+3,32,25.37,1.26
intel,802.3ad-2NICs-layer2+3,64,25.37,2.52
intel,802.3ad-2NICs-layer2+3,128,25.81,4.96
intel,802.3ad-2NICs-layer2+3,256,25.99,9.85
intel,802.3ad-2NICs-layer2+3,512,26.71,19.17
intel,802.3ad-2NICs-layer2+3,1024,27.51,37.23
intel,802.3ad-2NICs-layer2+3,2048,30.85,66.39
intel,802.3ad-2NICs-layer2+3,4096,38.47,106.47
intel,802.3ad-2NICs-layer2+3,8192,44.44,184.32
intel,802.3ad-2NICs-layer2+3,16384,66.62,245.93
intel,802.3ad-2NICs-layer2+3,32768,90.67,361.40
intel,802.3ad-2NICs-layer2+3,65536,110.52,592.99
intel,802.3ad-2NICs-layer2+3,131072,164.47,796.92
intel,802.3ad-2NICs-layer2+3,262144,257.01,1019.99
intel,802.3ad-2NICs-layer2+3,524288,433.99,1208.08
intel,802.3ad-2NICs-layer2+3,1048576,784.16,1337.19
intel,802.3ad-2NICs-layer2+3,2097152,1618.25,1295.94
intel,802.3ad-2NICs-layer2+3,4194304,3227.75,1299.45
intel,802.3ad-2NICs-layer2+3,0,25.72,0.00
intel,802.3ad-2NICs-layer2+3,1,26.44,0.04
intel,802.3ad-2NICs-layer2+3,2,26.52,0.08
intel,802.3ad-2NICs-layer2+3,4,26.35,0.15
intel,802.3ad-2NICs-layer2+3,8,26.70,0.30
intel,802.3ad-2NICs-layer2+3,16,26.26,0.61
intel,802.3ad-2NICs-layer2+3,32,26.74,1.20
intel,802.3ad-2NICs-layer2+3,64,27.01,2.37
intel,802.3ad-2NICs-layer2+3,128,27.05,4.73
intel,802.3ad-2NICs-layer2+3,256,27.35,9.36
intel,802.3ad-2NICs-layer2+3,512,28.18,18.17
intel,802.3ad-2NICs-layer2+3,1024,22.12,46.28
intel,802.3ad-2NICs-layer2+3,2048,24.82,82.51
intel,802.3ad-2NICs-layer2+3,4096,28.00,146.29
intel,802.3ad-2NICs-layer2+3,8192,37.22,220.09
intel,802.3ad-2NICs-layer2+3,16384,52.17,314.05
intel,802.3ad-2NICs-layer2+3,32768,86.41,379.21
intel,802.3ad-2NICs-layer2+3,65536,121.70,538.49
intel,802.3ad-2NICs-layer2+3,131072,166.58,786.83
intel,802.3ad-2NICs-layer2+3,262144,260.17,1007.60
intel,802.3ad-2NICs-layer2+3,524288,440.56,1190.06
intel,802.3ad-2NICs-layer2+3,1048576,790.55,1326.38
intel,802.3ad-2NICs-layer2+3,2097152,1637.52,1280.68
intel,802.3ad-2NICs-layer2+3,4194304,3231.31,1298.02
intel,802.3ad-2NICs-layer2+3,0,25.07,0.00
intel,802.3ad-2NICs-layer2+3,1,26.35,0.04
intel,802.3ad-2NICs-layer2+3,2,26.07,0.08
intel,802.3ad-2NICs-layer2+3,4,26.03,0.15
intel,802.3ad-2NICs-layer2+3,8,26.07,0.31
intel,802.3ad-2NICs-layer2+3,16,25.97,0.62
intel,802.3ad-2NICs-layer2+3,32,26.19,1.22
intel,802.3ad-2NICs-layer2+3,64,26.43,2.42
intel,802.3ad-2NICs-layer2+3,128,26.32,4.86
intel,802.3ad-2NICs-layer2+3,256,26.69,9.59
intel,802.3ad-2NICs-layer2+3,512,27.37,18.71
intel,802.3ad-2NICs-layer2+3,1024,28.30,36.18
intel,802.3ad-2NICs-layer2+3,2048,31.71,64.59
intel,802.3ad-2NICs-layer2+3,4096,39.25,104.35
intel,802.3ad-2NICs-layer2+3,8192,46.00,178.08
intel,802.3ad-2NICs-layer2+3,16384,68.10,240.59
intel,802.3ad-2NICs-layer2+3,32768,80.45,407.33
intel,802.3ad-2NICs-layer2+3,65536,109.76,597.08
intel,802.3ad-2NICs-layer2+3,131072,161.84,809.87
intel,802.3ad-2NICs-layer2+3,262144,257.22,1019.13
intel,802.3ad-2NICs-layer2+3,524288,428.95,1222.25
intel,802.3ad-2NICs-layer2+3,1048576,783.31,1338.65
intel,802.3ad-2NICs-layer2+3,2097152,1616.36,1297.46
intel,802.3ad-2NICs-layer2+3,4194304,3224.22,1300.87
